"","date","B","D","F","H","U","Shape","S"
"1","1945-01",0,0,0,0,1,"U","1"
"2","1945-02",0,0,0,0,1,"U","1"
"3","1945-03",0,0,0,0,1,"U","1"
"4","1945-04",0,0,0,0,1,"U","1"
"5","1945-05",0,0,0,0,1,"U","1"
"6","1945-06",0,0,0,0,1,"U","1"
"7","1945-07",0,0,0,0,1,"U","1"
"8","1945-08",0,0,0,0,1,"U","1"
"9","1945-09",0,0,0,0,1,"U","1"
"10","1945-10",0,0,0,0,1,"U","1"
"11","1945-11",0,0,0,0,1,"U","1"
"12","1945-12",0,0,0,0,1,"U","1"
"13","1946-01",0,0,0,0,1,"U","1"
"14","1946-02",0,0,0,0,1,"U","1"
"15","1946-03",0,0,0,0,1,"U","1"
"16","1946-04",0,0,0,0,1,"U","1"
"17","1946-05",0,0,0,0,1,"U","1"
"18","1946-06",0,0,0,0,1,"U","1"
"19","1946-07",0,0,0,0,1,"U","1"
"20","1946-08",0,0,0,0,1,"U","1"
"21","1946-09",0,0,0,0,1,"U","1"
"22","1946-10",0,0,0,0,1,"U","1"
"23","1946-11",0,0,0,0,1,"U","1"
"24","1946-12",0,0,0,0,1,"U","1"
"25","1947-01",0,0,0,0,1,"U","1"
"26","1947-02",0,0,0,0,1,"U","1"
"27","1947-03",0,0,0,0,1,"U","1"
"28","1947-04",0,0,0,0,1,"U","1"
"29","1947-05",0,0,0,0,1,"U","1"
"30","1947-06",0,0,0,0,1,"U","1"
"31","1947-07",0,0,0,0,1,"U","1"
"32","1947-08",0,0,0,0,1,"U","1"
"33","1947-09",0,0,0,0,1,"U","1"
"34","1947-10",0,0,0,0,1,"U","1"
"35","1947-11",0,0,0,0,1,"U","1"
"36","1947-12",0,0,0,0,1,"U","1"
"37","1948-01",0,0,0,0,1,"U","1"
"38","1948-02",0,0,0,0,1,"U","1"
"39","1948-03",0,0,0,0,1,"U","1"
"40","1948-04",0,0,0,0,1,"U","1"
"41","1948-05",0,0,0,0,1,"U","1"
"42","1948-06",0,0,0,0,1,"U","1"
"43","1948-07",0,0,0,0,1,"U","1"
"44","1948-08",0,0,0,0,1,"U","1"
"45","1948-09",0,0,0,0,1,"U","1"
"46","1948-10",0,0,0,0,1,"U","1"
"47","1948-11",0,0,0,0,1,"U","1"
"48","1948-12",0,0,0,0,1,"U","1"
"49","1949-01",0,0,0,0,1,"U","1"
"50","1949-02",0,0,0,0,1,"U","1"
"51","1949-03",0,0,0,0,1,"U","1"
"52","1949-04",0,0,0,0,1,"U","1"
"53","1949-05",0,0,0,0,1,"U","1"
"54","1949-06",0,0,0,0,1,"U","1"
"55","1949-07",0,0,0,0,1,"U","1"
"56","1949-08",0,0,0,0,1,"U","1"
"57","1949-09",0,0,0,0,1,"U","1"
"58","1949-10",0,0,0,0,1,"U","1"
"59","1949-11",0,0,0,0,1,"U","1"
"60","1949-12",0,0,0,0,1,"U","1"
"61","1950-01",0,0,0,0,1,"U","1"
"62","1950-02",0,0,0,0,1,"U","1"
"63","1950-03",0,0,0,0,1,"U","1"
"64","1950-04",0,0,0,0,1,"U","1"
"65","1950-05",0,0,0,0,1,"U","1"
"66","1950-06",0,0,0,0,1,"U","1"
"67","1950-07",0,0,0,0,1,"U","1"
"68","1950-08",0,0,0,0,1,"U","1"
"69","1950-09",0,0,0,0,1,"U","1"
"70","1950-10",0,0,0,0,1,"U","1"
"71","1950-11",0,0,0,0,1,"U","1"
"72","1950-12",0,0,0,0,1,"U","1"
"73","1951-01",0,0,0,0,1,"U","1"
"74","1951-02",0,0,0,0,1,"U","1"
"75","1951-03",0,0,0,0,1,"U","1"
"76","1951-04",0,0,0,0,1,"U","1"
"77","1951-05",0,0,0,0,1,"U","1"
"78","1951-06",0,0,0,0,1,"U","1"
"79","1951-07",0,0,0,0,1,"U","1"
"80","1951-08",0,0,0,0,1,"U","1"
"81","1951-09",0,0,0,0,1,"U","1"
"82","1951-10",0,0,0,0,1,"U","1"
"83","1951-11",0,0,0,0,1,"U","1"
"84","1951-12",0,0,0,0,1,"U","1"
"85","1952-01",0,0,0,0,1,"U","1"
"86","1952-02",0,0,0,0,1,"U","1"
"87","1952-03",0,0,0,0,1,"U","1"
"88","1952-04",0,0,0,0,1,"U","1"
"89","1952-05",0,0,0,0,1,"U","1"
"90","1952-06",0,0,0,0,1,"U","1"
"91","1952-07",0,0,0,0,1,"U","1"
"92","1952-08",0,0,0,0,1,"U","1"
"93","1952-09",0,0,0,0,1,"U","1"
"94","1952-10",0,0,0,0,1,"U","1"
"95","1952-11",0,0,0,0,1,"U","1"
"96","1952-12",0,0,0,0,1,"U","1"
"97","1953-01",0,0,0,0,1,"U","1"
"98","1953-02",0,0,0,0,1,"U","1"
"99","1953-03",0,0,0,0,1,"U","1"
"100","1953-04",0,0,0,0,1,"U","1"
"101","1953-05",0,0,0,0,1,"U","1"
"102","1953-06",0,0,0,0,1,"U","1"
"103","1953-07",0,0,0,0,1,"U","1"
"104","1953-08",0,0,0,0,1,"U","1"
"105","1953-09",0,0,0,0,1,"U","1"
"106","1953-10",0,0,0,0,1,"U","1"
"107","1953-11",0,0,0,0,1,"U","1"
"108","1953-12",0,0,0,0,1,"U","1"
"109","1954-01",0,0,0,0,1,"U","1"
"110","1954-02",0,0,0,0,1,"U","1"
"111","1954-03",0,0,0,0,1,"U","1"
"112","1954-04",0,0,0,0,1,"U","1"
"113","1954-05",0,0,0,0,1,"U","1"
"114","1954-06",0,0,0,0,1,"U","1"
"115","1954-07",0,0,0,0,1,"U","1"
"116","1954-08",0,0,0,0,1,"U","1"
"117","1954-09",0,0,0,0,1,"U","1"
"118","1954-10",0,0,0,0,1,"U","1"
"119","1954-11",0,0,0,0,1,"U","1"
"120","1954-12",0,0,0,0,1,"U","1"
"121","1955-01",0,0,0,0,1,"U","1"
"122","1955-02",0,0,0,0,1,"U","1"
"123","1955-03",0,0,0,0,1,"U","1"
"124","1955-04",0,0,0,0,1,"U","1"
"125","1955-05",0,0,0,0,1,"U","1"
"126","1955-06",0,0,0,0,1,"U","1"
"127","1955-07",0,0,0,0,1,"U","1"
"128","1955-08",0,0,0,0,1,"U","1"
"129","1955-09",0,0,0,0,1,"U","1"
"130","1955-10",0,0,0,0,1,"U","1"
"131","1955-11",0,0,0,0,1,"U","1"
"132","1955-12",0,0,0,0,1,"U","1"
"133","1956-01",0,0,0,0,1,"U","1"
"134","1956-02",0,0,0,0,1,"U","1"
"135","1956-03",0,0,0,0,1,"U","1"
"136","1956-04",0,0,0,1,0,"H","4"
"137","1956-05",0,0,0,1,0,"H","4"
"138","1956-06",0,0,0,0,1,"U","1"
"139","1956-07",0,0,0,0,1,"U","1"
"140","1956-08",0,0,0,1,0,"H","4"
"141","1956-09",0,0,0,1,0,"H","4"
"142","1956-10",0,0,0,1,0,"H","4"
"143","1956-11",0,0,0,1,0,"H","4"
"144","1956-12",0,0,0,1,0,"H","4"
"145","1957-01",0,0,1,0,0,"F","3"
"146","1957-02",0,0,1,0,0,"F","3"
"147","1957-03",0,0,1,0,0,"F","3"
"148","1957-04",0,0,1,0,0,"F","3"
"149","1957-05",0,0,0,1,0,"H","4"
"150","1957-06",0,0,0,1,0,"H","4"
"151","1957-07",0,0,0,1,0,"H","4"
"152","1957-08",0,1,0,0,0,"D","5"
"153","1957-09",0,1,0,0,0,"D","5"
"154","1957-10",0,0,0,1,0,"H","4"
"155","1957-11",0,0,0,1,0,"H","4"
"156","1957-12",1,0,0,0,0,"B","2"
"157","1958-01",0,0,0,0,1,"U","1"
"158","1958-02",0,0,0,0,1,"U","1"
"159","1958-03",0,0,0,0,1,"U","1"
"160","1958-04",0,0,0,0,1,"U","1"
"161","1958-05",0,0,0,0,1,"U","1"
"162","1958-06",0,0,0,0,1,"U","1"
"163","1958-07",0,0,0,0,1,"U","1"
"164","1958-08",0,0,0,0,1,"U","1"
"165","1958-09",0,0,0,0,1,"U","1"
"166","1958-10",0,0,0,0,1,"U","1"
"167","1958-11",0,0,0,0,1,"U","1"
"168","1958-12",0,0,0,0,1,"U","1"
"169","1959-01",0,0,0,0,1,"U","1"
"170","1959-02",0,0,0,0,1,"U","1"
"171","1959-03",0,0,0,0,1,"U","1"
"172","1959-04",0,0,0,0,1,"U","1"
"173","1959-05",0,0,0,1,0,"H","4"
"174","1959-06",0,0,0,1,0,"H","4"
"175","1959-07",0,0,0,1,0,"H","4"
"176","1959-08",0,0,0,1,0,"H","4"
"177","1959-09",0,1,0,0,0,"D","5"
"178","1959-10",0,1,0,0,0,"D","5"
"179","1959-11",0,1,0,0,0,"D","5"
"180","1959-12",0,1,0,0,0,"D","5"
"181","1960-01",0,1,0,0,0,"D","5"
"182","1960-02",0,0,0,1,0,"H","4"
"183","1960-03",0,0,0,1,0,"H","4"
"184","1960-04",0,0,0,1,0,"H","4"
"185","1960-05",0,0,0,1,0,"H","4"
"186","1960-06",0,0,0,0,1,"U","1"
"187","1960-07",0,0,0,0,1,"U","1"
"188","1960-08",0,0,0,0,1,"U","1"
"189","1960-09",0,0,0,0,1,"U","1"
"190","1960-10",0,0,0,0,1,"U","1"
"191","1960-11",0,0,0,0,1,"U","1"
"192","1960-12",0,0,0,0,1,"U","1"
"193","1961-01",0,0,0,0,1,"U","1"
"194","1961-02",0,0,0,0,1,"U","1"
"195","1961-03",0,0,0,0,1,"U","1"
"196","1961-04",0,0,0,0,1,"U","1"
"197","1961-05",0,0,0,0,1,"U","1"
"198","1961-06",0,0,0,0,1,"U","1"
"199","1961-07",0,0,0,0,1,"U","1"
"200","1961-08",0,0,0,0,1,"U","1"
"201","1961-09",0,0,0,0,1,"U","1"
"202","1961-10",0,0,0,0,1,"U","1"
"203","1961-11",0,0,0,0,1,"U","1"
"204","1961-12",0,0,0,0,1,"U","1"
"205","1962-01",0,0,0,0,1,"U","1"
"206","1962-02",0,0,0,0,1,"U","1"
"207","1962-03",0,0,0,0,1,"U","1"
"208","1962-04",0,0,0,0,1,"U","1"
"209","1962-05",0,0,0,0,1,"U","1"
"210","1962-06",0,0,0,0,1,"U","1"
"211","1962-07",0,0,0,0,1,"U","1"
"212","1962-08",0,0,0,0,1,"U","1"
"213","1962-09",0,0,0,0,1,"U","1"
"214","1962-10",0,0,0,0,1,"U","1"
"215","1962-11",0,0,0,0,1,"U","1"
"216","1962-12",0,0,0,0,1,"U","1"
"217","1963-01",0,0,0,0,1,"U","1"
"218","1963-02",0,0,0,0,1,"U","1"
"219","1963-03",0,0,0,0,1,"U","1"
"220","1963-04",0,0,0,0,1,"U","1"
"221","1963-05",0,0,0,0,1,"U","1"
"222","1963-06",0,0,0,0,1,"U","1"
"223","1963-07",0,0,0,0,1,"U","1"
"224","1963-08",0,0,0,0,1,"U","1"
"225","1963-09",0,0,0,0,1,"U","1"
"226","1963-10",0,0,0,0,1,"U","1"
"227","1963-11",0,0,0,0,1,"U","1"
"228","1963-12",0,0,0,0,1,"U","1"
"229","1964-01",0,0,0,0,1,"U","1"
"230","1964-02",0,0,0,0,1,"U","1"
"231","1964-03",0,0,0,0,1,"U","1"
"232","1964-04",0,0,0,0,1,"U","1"
"233","1964-05",0,0,0,0,1,"U","1"
"234","1964-06",0,0,0,0,1,"U","1"
"235","1964-07",0,0,0,0,1,"U","1"
"236","1964-08",0,0,0,0,1,"U","1"
"237","1964-09",0,0,0,0,1,"U","1"
"238","1964-10",0,0,0,0,1,"U","1"
"239","1964-11",0,0,0,0,1,"U","1"
"240","1964-12",0,0,1,0,0,"F","3"
"241","1965-01",0,0,0,0,1,"U","1"
"242","1965-02",0,0,1,0,0,"F","3"
"243","1965-03",0,0,1,0,0,"F","3"
"244","1965-04",0,0,1,0,0,"F","3"
"245","1965-05",0,0,0,0,1,"U","1"
"246","1965-06",0,0,0,0,1,"U","1"
"247","1965-07",0,0,0,0,1,"U","1"
"248","1965-08",0,0,0,0,1,"U","1"
"249","1965-09",0,0,1,0,0,"F","3"
"250","1965-10",0,0,1,0,0,"F","3"
"251","1965-11",0,0,1,0,0,"F","3"
"252","1965-12",0,0,0,1,0,"H","4"
"253","1966-01",0,0,0,1,0,"H","4"
"254","1966-02",0,0,0,1,0,"H","4"
"255","1966-03",0,1,0,0,0,"D","5"
"256","1966-04",0,1,0,0,0,"D","5"
"257","1966-05",0,0,0,1,0,"H","4"
"258","1966-06",0,0,0,1,0,"H","4"
"259","1966-07",0,0,0,1,0,"H","4"
"260","1966-08",0,0,0,1,0,"H","4"
"261","1966-09",0,1,0,0,0,"D","5"
"262","1966-10",0,1,0,0,0,"D","5"
"263","1966-11",0,1,0,0,0,"D","5"
"264","1966-12",0,1,0,0,0,"D","5"
"265","1967-01",0,1,0,0,0,"D","5"
"266","1967-02",0,0,0,1,0,"H","4"
"267","1967-03",0,0,0,0,1,"U","1"
"268","1967-04",0,0,0,0,1,"U","1"
"269","1967-05",0,0,0,0,1,"U","1"
"270","1967-06",0,0,0,0,1,"U","1"
"271","1967-07",0,0,0,1,0,"H","4"
"272","1967-08",0,0,0,1,0,"H","4"
"273","1967-09",0,0,0,1,0,"H","4"
"274","1967-10",0,0,0,1,0,"H","4"
"275","1967-11",0,0,0,1,0,"H","4"
"276","1967-12",0,0,1,0,0,"F","3"
"277","1968-01",0,0,0,1,0,"H","4"
"278","1968-02",0,0,0,1,0,"H","4"
"279","1968-03",0,0,0,1,0,"H","4"
"280","1968-04",0,0,0,1,0,"H","4"
"281","1968-05",0,1,0,0,0,"D","5"
"282","1968-06",0,1,0,0,0,"D","5"
"283","1968-07",0,1,0,0,0,"D","5"
"284","1968-08",0,0,0,1,0,"H","4"
"285","1968-09",0,0,1,0,0,"F","3"
"286","1968-10",0,0,1,0,0,"F","3"
"287","1968-11",1,0,0,0,0,"B","2"
"288","1968-12",0,1,0,0,0,"D","5"
"289","1969-01",0,1,0,0,0,"D","5"
"290","1969-02",0,1,0,0,0,"D","5"
"291","1969-03",0,0,0,1,0,"H","4"
"292","1969-04",0,0,0,1,0,"H","4"
"293","1969-05",0,0,0,1,0,"H","4"
"294","1969-06",0,1,0,0,0,"D","5"
"295","1969-07",0,1,0,0,0,"D","5"
"296","1969-08",0,1,0,0,0,"D","5"
"297","1969-09",0,1,0,0,0,"D","5"
"298","1969-10",0,1,0,0,0,"D","5"
"299","1969-11",0,1,0,0,0,"D","5"
"300","1969-12",0,1,0,0,0,"D","5"
"301","1970-01",0,1,0,0,0,"D","5"
"302","1970-02",0,0,0,1,0,"H","4"
"303","1970-03",0,0,0,1,0,"H","4"
"304","1970-04",0,0,0,1,0,"H","4"
"305","1970-05",0,0,0,1,0,"H","4"
"306","1970-06",0,0,0,1,0,"H","4"
"307","1970-07",0,0,0,1,0,"H","4"
"308","1970-08",0,0,0,1,0,"H","4"
"309","1970-09",0,0,0,1,0,"H","4"
"310","1970-10",0,0,0,1,0,"H","4"
"311","1970-11",0,0,0,0,1,"U","1"
"312","1970-12",0,0,0,0,1,"U","1"
"313","1971-01",0,0,0,0,1,"U","1"
"314","1971-02",0,0,0,0,1,"U","1"
"315","1971-03",0,0,0,0,1,"U","1"
"316","1971-04",0,0,0,0,1,"U","1"
"317","1971-05",0,0,0,0,1,"U","1"
"318","1971-06",0,0,0,1,0,"H","4"
"319","1971-07",0,0,0,1,0,"H","4"
"320","1971-08",0,0,0,1,0,"H","4"
"321","1971-09",0,0,0,0,1,"U","1"
"322","1971-10",0,0,0,0,1,"U","1"
"323","1971-11",0,0,0,0,1,"U","1"
"324","1971-12",0,0,0,0,1,"U","1"
"325","1972-01",0,0,0,0,1,"U","1"
"326","1972-02",0,0,0,0,1,"U","1"
"327","1972-03",0,0,0,0,1,"U","1"
"328","1972-04",0,0,0,0,1,"U","1"
"329","1972-05",0,0,0,0,1,"U","1"
"330","1972-06",0,0,0,0,1,"U","1"
"331","1972-07",0,0,0,0,1,"U","1"
"332","1972-08",0,0,0,0,1,"U","1"
"333","1972-09",0,0,0,0,1,"U","1"
"334","1972-10",0,0,0,0,1,"U","1"
"335","1972-11",0,0,0,1,0,"H","4"
"336","1972-12",0,0,0,0,1,"U","1"
"337","1973-01",0,0,0,0,1,"U","1"
"338","1973-02",0,0,0,0,1,"U","1"
"339","1973-03",0,0,1,0,0,"F","3"
"340","1973-04",1,0,0,0,0,"B","2"
"341","1973-05",0,0,1,0,0,"F","3"
"342","1973-06",1,0,0,0,0,"B","2"
"343","1973-07",0,1,0,0,0,"D","5"
"344","1973-08",0,1,0,0,0,"D","5"
"345","1973-09",1,0,0,0,0,"B","2"
"346","1973-10",1,0,0,0,0,"B","2"
"347","1973-11",1,0,0,0,0,"B","2"
"348","1973-12",1,0,0,0,0,"B","2"
"349","1974-01",1,0,0,0,0,"B","2"
"350","1974-02",1,0,0,0,0,"B","2"
"351","1974-03",1,0,0,0,0,"B","2"
"352","1974-04",0,1,0,0,0,"D","5"
"353","1974-05",0,1,0,0,0,"D","5"
"354","1974-06",0,1,0,0,0,"D","5"
"355","1974-07",0,1,0,0,0,"D","5"
"356","1974-08",0,1,0,0,0,"D","5"
"357","1974-09",0,1,0,0,0,"D","5"
"358","1974-10",1,0,0,0,0,"B","2"
"359","1974-11",1,0,0,0,0,"B","2"
"360","1974-12",0,0,0,0,1,"U","1"
"361","1975-01",0,0,0,0,1,"U","1"
"362","1975-02",0,0,0,0,1,"U","1"
"363","1975-03",0,0,0,0,1,"U","1"
"364","1975-04",0,0,0,0,1,"U","1"
"365","1975-05",0,0,0,0,1,"U","1"
"366","1975-06",0,0,0,0,1,"U","1"
"367","1975-07",0,0,0,0,1,"U","1"
"368","1975-08",0,0,0,0,1,"U","1"
"369","1975-09",0,0,0,0,1,"U","1"
"370","1975-10",0,0,0,0,1,"U","1"
"371","1975-11",0,0,0,0,1,"U","1"
"372","1975-12",0,0,0,0,1,"U","1"
"373","1976-01",0,0,0,0,1,"U","1"
"374","1976-02",0,0,0,0,1,"U","1"
"375","1976-03",0,0,0,0,1,"U","1"
"376","1976-04",0,0,0,0,1,"U","1"
"377","1976-05",0,0,0,0,1,"U","1"
"378","1976-06",0,0,0,0,1,"U","1"
"379","1976-07",0,0,0,0,1,"U","1"
"380","1976-08",0,0,0,0,1,"U","1"
"381","1976-09",0,0,0,0,1,"U","1"
"382","1976-10",0,0,0,0,1,"U","1"
"383","1976-11",0,0,0,0,1,"U","1"
"384","1976-12",0,0,0,0,1,"U","1"
"385","1977-01",0,0,0,0,1,"U","1"
"386","1977-02",0,0,0,0,1,"U","1"
"387","1977-03",0,0,0,0,1,"U","1"
"388","1977-04",0,0,0,0,1,"U","1"
"389","1977-05",0,0,0,0,1,"U","1"
"390","1977-06",0,0,0,0,1,"U","1"
"391","1977-07",0,0,0,0,1,"U","1"
"392","1977-08",0,0,0,0,1,"U","1"
"393","1977-09",0,0,0,0,1,"U","1"
"394","1977-10",0,0,0,0,1,"U","1"
"395","1977-11",0,0,0,0,1,"U","1"
"396","1977-12",0,0,0,0,1,"U","1"
"397","1978-01",0,0,0,0,1,"U","1"
"398","1978-02",0,0,0,0,1,"U","1"
"399","1978-03",0,0,0,0,1,"U","1"
"400","1978-04",0,0,0,0,1,"U","1"
"401","1978-05",0,0,0,0,1,"U","1"
"402","1978-06",0,0,0,0,1,"U","1"
"403","1978-07",0,0,0,0,1,"U","1"
"404","1978-08",0,0,1,0,0,"F","3"
"405","1978-09",0,1,0,0,0,"D","5"
"406","1978-10",0,1,0,0,0,"D","5"
"407","1978-11",0,1,0,0,0,"D","5"
"408","1978-12",0,1,0,0,0,"D","5"
"409","1979-01",0,1,0,0,0,"D","5"
"410","1979-02",0,1,0,0,0,"D","5"
"411","1979-03",0,1,0,0,0,"D","5"
"412","1979-04",0,1,0,0,0,"D","5"
"413","1979-05",0,1,0,0,0,"D","5"
"414","1979-06",0,1,0,0,0,"D","5"
"415","1979-07",0,1,0,0,0,"D","5"
"416","1979-08",0,1,0,0,0,"D","5"
"417","1979-09",0,1,0,0,0,"D","5"
"418","1979-10",0,1,0,0,0,"D","5"
"419","1979-11",0,1,0,0,0,"D","5"
"420","1979-12",0,1,0,0,0,"D","5"
"421","1980-01",0,1,0,0,0,"D","5"
"422","1980-02",0,1,0,0,0,"D","5"
"423","1980-03",0,1,0,0,0,"D","5"
"424","1980-04",0,1,0,0,0,"D","5"
"425","1980-05",0,0,0,0,1,"U","1"
"426","1980-06",0,0,0,0,1,"U","1"
"427","1980-07",0,0,0,0,1,"U","1"
"428","1980-08",0,0,0,0,1,"U","1"
"429","1980-09",0,0,0,1,0,"H","4"
"430","1980-10",0,1,0,0,0,"D","5"
"431","1980-11",0,1,0,0,0,"D","5"
"432","1980-12",0,1,0,0,0,"D","5"
"433","1981-01",0,1,0,0,0,"D","5"
"434","1981-02",0,1,0,0,0,"D","5"
"435","1981-03",0,1,0,0,0,"D","5"
"436","1981-04",0,1,0,0,0,"D","5"
"437","1981-05",0,1,0,0,0,"D","5"
"438","1981-06",0,1,0,0,0,"D","5"
"439","1981-07",0,1,0,0,0,"D","5"
"440","1981-08",0,1,0,0,0,"D","5"
"441","1981-09",0,1,0,0,0,"D","5"
"442","1981-10",0,0,0,1,0,"H","4"
"443","1981-11",0,0,0,0,1,"U","1"
"444","1981-12",0,0,0,0,1,"U","1"
"445","1982-01",0,0,0,1,0,"H","4"
"446","1982-02",0,0,0,1,0,"H","4"
"447","1982-03",0,0,0,1,0,"H","4"
"448","1982-04",0,0,0,1,0,"H","4"
"449","1982-05",0,0,0,1,0,"H","4"
"450","1982-06",0,0,0,1,0,"H","4"
"451","1982-07",0,0,0,1,0,"H","4"
"452","1982-08",0,0,0,0,1,"U","1"
"453","1982-09",0,0,0,0,1,"U","1"
"454","1982-10",0,0,0,0,1,"U","1"
"455","1982-11",0,0,0,0,1,"U","1"
"456","1982-12",0,0,0,0,1,"U","1"
"457","1983-01",0,0,0,0,1,"U","1"
"458","1983-02",0,0,0,0,1,"U","1"
"459","1983-03",0,0,0,0,1,"U","1"
"460","1983-04",0,0,0,0,1,"U","1"
"461","1983-05",0,0,0,0,1,"U","1"
"462","1983-06",0,0,0,0,1,"U","1"
"463","1983-07",0,0,0,0,1,"U","1"
"464","1983-08",0,0,0,0,1,"U","1"
"465","1983-09",0,0,0,0,1,"U","1"
"466","1983-10",0,0,0,0,1,"U","1"
"467","1983-11",0,0,0,0,1,"U","1"
"468","1983-12",0,0,0,0,1,"U","1"
"469","1984-01",0,0,0,0,1,"U","1"
"470","1984-02",0,0,0,0,1,"U","1"
"471","1984-03",0,0,0,0,1,"U","1"
"472","1984-04",0,0,0,0,1,"U","1"
"473","1984-05",0,0,0,0,1,"U","1"
"474","1984-06",0,0,0,0,1,"U","1"
"475","1984-07",0,0,0,0,1,"U","1"
"476","1984-08",0,0,0,0,1,"U","1"
"477","1984-09",0,0,0,1,0,"H","4"
"478","1984-10",0,0,0,0,1,"U","1"
"479","1984-11",0,0,0,0,1,"U","1"
"480","1984-12",0,0,0,0,1,"U","1"
"481","1985-01",0,0,0,0,1,"U","1"
"482","1985-02",0,0,0,0,1,"U","1"
"483","1985-03",0,0,0,0,1,"U","1"
"484","1985-04",0,0,0,0,1,"U","1"
"485","1985-05",0,0,0,0,1,"U","1"
"486","1985-06",0,0,0,0,1,"U","1"
"487","1985-07",0,0,0,0,1,"U","1"
"488","1985-08",0,0,0,0,1,"U","1"
"489","1985-09",0,0,0,0,1,"U","1"
"490","1985-10",0,0,0,0,1,"U","1"
"491","1985-11",0,0,0,0,1,"U","1"
"492","1985-12",0,0,0,0,1,"U","1"
"493","1986-01",0,0,0,0,1,"U","1"
"494","1986-02",0,0,0,0,1,"U","1"
"495","1986-03",0,0,0,0,1,"U","1"
"496","1986-04",0,0,0,0,1,"U","1"
"497","1986-05",0,0,0,0,1,"U","1"
"498","1986-06",0,0,0,0,1,"U","1"
"499","1986-07",0,0,0,0,1,"U","1"
"500","1986-08",0,0,0,0,1,"U","1"
"501","1986-09",0,0,0,0,1,"U","1"
"502","1986-10",0,0,0,0,1,"U","1"
"503","1986-11",0,0,0,0,1,"U","1"
"504","1986-12",0,0,0,0,1,"U","1"
"505","1987-01",0,0,0,0,1,"U","1"
"506","1987-02",0,0,0,0,1,"U","1"
"507","1987-03",0,0,0,0,1,"U","1"
"508","1987-04",0,0,0,0,1,"U","1"
"509","1987-05",0,0,0,0,1,"U","1"
"510","1987-06",0,0,0,0,1,"U","1"
"511","1987-07",0,0,0,0,1,"U","1"
"512","1987-08",0,0,0,0,1,"U","1"
"513","1987-09",0,0,0,0,1,"U","1"
"514","1987-10",0,0,0,0,1,"U","1"
"515","1987-11",0,0,0,0,1,"U","1"
"516","1987-12",0,0,0,0,1,"U","1"
"517","1988-01",0,0,0,0,1,"U","1"
"518","1988-02",0,0,0,0,1,"U","1"
"519","1988-03",0,0,0,0,1,"U","1"
"520","1988-04",0,0,0,0,1,"U","1"
"521","1988-05",0,0,0,0,1,"U","1"
"522","1988-06",0,0,0,0,1,"U","1"
"523","1988-07",0,0,0,0,1,"U","1"
"524","1988-08",0,0,0,0,1,"U","1"
"525","1988-09",0,0,0,0,1,"U","1"
"526","1988-10",0,0,0,0,1,"U","1"
"527","1988-11",0,0,0,0,1,"U","1"
"528","1988-12",0,0,0,1,0,"H","4"
"529","1989-01",0,0,0,1,0,"H","4"
"530","1989-02",0,0,0,1,0,"H","4"
"531","1989-03",0,0,0,1,0,"H","4"
"532","1989-04",0,0,0,1,0,"H","4"
"533","1989-05",0,0,0,1,0,"H","4"
"534","1989-06",0,0,1,0,0,"F","3"
"535","1989-07",1,0,0,0,0,"B","2"
"536","1989-08",0,0,1,0,0,"F","3"
"537","1989-09",0,0,0,1,0,"H","4"
"538","1989-10",0,0,1,0,0,"F","3"
"539","1989-11",0,0,1,0,0,"F","3"
"540","1989-12",0,0,1,0,0,"F","3"
"541","1990-01",0,0,0,0,1,"U","1"
"542","1990-02",0,0,0,0,1,"U","1"
"543","1990-03",0,0,0,1,0,"H","4"
"544","1990-04",0,0,0,0,1,"U","1"
"545","1990-05",0,0,0,0,1,"U","1"
"546","1990-06",0,0,0,0,1,"U","1"
"547","1990-07",0,0,0,0,1,"U","1"
"548","1990-08",0,0,0,0,1,"U","1"
"549","1990-09",0,0,0,0,1,"U","1"
"550","1990-10",0,0,0,0,1,"U","1"
"551","1990-11",0,0,0,0,1,"U","1"
"552","1990-12",0,0,0,0,1,"U","1"
"553","1991-01",0,0,0,0,1,"U","1"
"554","1991-02",0,0,0,0,1,"U","1"
"555","1991-03",0,0,0,0,1,"U","1"
"556","1991-04",0,0,0,0,1,"U","1"
"557","1991-05",0,0,0,0,1,"U","1"
"558","1991-06",0,0,0,0,1,"U","1"
"559","1991-07",0,0,0,0,1,"U","1"
"560","1991-08",0,0,0,0,1,"U","1"
"561","1991-09",0,0,0,0,1,"U","1"
"562","1991-10",0,0,0,0,1,"U","1"
"563","1991-11",0,0,0,0,1,"U","1"
"564","1991-12",0,0,0,0,1,"U","1"
"565","1992-01",0,0,0,0,1,"U","1"
"566","1992-02",0,0,0,0,1,"U","1"
"567","1992-03",0,0,0,0,1,"U","1"
"568","1992-04",0,0,0,0,1,"U","1"
"569","1992-05",0,0,0,0,1,"U","1"
"570","1992-06",0,0,0,0,1,"U","1"
"571","1992-07",0,0,0,0,1,"U","1"
"572","1992-08",0,0,0,0,1,"U","1"
"573","1992-09",0,0,0,0,1,"U","1"
"574","1992-10",0,0,0,0,1,"U","1"
"575","1992-11",0,0,0,0,1,"U","1"
"576","1992-12",0,0,0,0,1,"U","1"
"577","1993-01",0,0,0,0,1,"U","1"
"578","1993-02",0,0,0,0,1,"U","1"
"579","1993-03",0,0,0,0,1,"U","1"
"580","1993-04",0,0,0,0,1,"U","1"
"581","1993-05",0,0,0,0,1,"U","1"
"582","1993-06",0,0,0,0,1,"U","1"
"583","1993-07",0,0,0,0,1,"U","1"
"584","1993-08",0,0,0,0,1,"U","1"
"585","1993-09",0,0,0,0,1,"U","1"
"586","1993-10",0,0,0,0,1,"U","1"
"587","1993-11",0,0,0,0,1,"U","1"
"588","1993-12",0,0,0,0,1,"U","1"
"589","1994-01",0,0,0,0,1,"U","1"
"590","1994-02",0,0,0,0,1,"U","1"
"591","1994-03",0,0,0,0,1,"U","1"
"592","1994-04",0,0,0,0,1,"U","1"
"593","1994-05",0,0,0,0,1,"U","1"
"594","1994-06",0,0,0,0,1,"U","1"
"595","1994-07",0,0,0,0,1,"U","1"
"596","1994-08",0,0,0,0,1,"U","1"
"597","1994-09",0,0,0,0,1,"U","1"
"598","1994-10",0,0,0,0,1,"U","1"
"599","1994-11",0,0,0,0,1,"U","1"
"600","1994-12",0,0,0,0,1,"U","1"
"601","1995-01",0,0,0,0,1,"U","1"
"602","1995-02",0,0,0,0,1,"U","1"
"603","1995-03",0,0,0,0,1,"U","1"
"604","1995-04",0,0,0,0,1,"U","1"
"605","1995-05",0,0,0,0,1,"U","1"
"606","1995-06",0,0,0,0,1,"U","1"
"607","1995-07",0,0,0,0,1,"U","1"
"608","1995-08",0,0,0,0,1,"U","1"
"609","1995-09",0,0,0,0,1,"U","1"
"610","1995-10",0,0,0,0,1,"U","1"
"611","1995-11",0,0,0,0,1,"U","1"
"612","1995-12",0,0,0,0,1,"U","1"
"613","1996-01",0,0,0,0,1,"U","1"
"614","1996-02",0,0,0,0,1,"U","1"
"615","1996-03",0,0,0,0,1,"U","1"
"616","1996-04",0,0,0,0,1,"U","1"
"617","1996-05",0,0,0,0,1,"U","1"
"618","1996-06",0,0,0,0,1,"U","1"
"619","1996-07",0,0,0,0,1,"U","1"
"620","1996-08",0,0,0,0,1,"U","1"
"621","1996-09",0,0,0,0,1,"U","1"
"622","1996-10",0,0,0,0,1,"U","1"
"623","1996-11",0,0,0,0,1,"U","1"
"624","1996-12",0,0,0,0,1,"U","1"
"625","1997-01",0,0,0,0,1,"U","1"
"626","1997-02",0,0,0,0,1,"U","1"
"627","1997-03",0,0,0,0,1,"U","1"
"628","1997-04",0,0,0,0,1,"U","1"
"629","1997-05",0,0,0,0,1,"U","1"
"630","1997-06",0,0,0,0,1,"U","1"
"631","1997-07",0,0,0,0,1,"U","1"
"632","1997-08",0,0,0,0,1,"U","1"
"633","1997-09",0,0,0,0,1,"U","1"
"634","1997-10",0,0,0,0,1,"U","1"
"635","1997-11",0,0,0,0,1,"U","1"
"636","1997-12",0,0,0,0,1,"U","1"
"637","1998-01",0,0,0,0,1,"U","1"
"638","1998-02",0,0,0,0,1,"U","1"
"639","1998-03",0,0,0,0,1,"U","1"
"640","1998-04",0,0,0,0,1,"U","1"
"641","1998-05",0,0,0,0,1,"U","1"
"642","1998-06",0,0,0,0,1,"U","1"
"643","1998-07",0,0,0,0,1,"U","1"
"644","1998-08",0,0,0,0,1,"U","1"
"645","1998-09",1,0,0,0,0,"B","2"
"646","1998-10",0,0,0,0,1,"U","1"
"647","1998-11",0,0,0,0,1,"U","1"
"648","1998-12",1,0,0,0,0,"B","2"
"649","1999-01",0,0,0,0,1,"U","1"
"650","1999-02",0,0,0,0,1,"U","1"
"651","1999-03",0,0,0,0,1,"U","1"
"652","1999-04",0,0,0,0,1,"U","1"
"653","1999-05",0,0,0,0,1,"U","1"
"654","1999-06",0,0,0,0,1,"U","1"
"655","1999-07",0,0,0,0,1,"U","1"
"656","1999-08",0,0,0,0,1,"U","1"
"657","1999-09",0,0,0,0,1,"U","1"
"658","1999-10",0,0,0,0,1,"U","1"
"659","1999-11",0,0,0,0,1,"U","1"
"660","1999-12",0,0,0,0,1,"U","1"
"661","2000-01",0,0,0,0,1,"U","1"
"662","2000-02",0,0,0,1,0,"H","4"
"663","2000-03",0,0,0,1,0,"H","4"
"664","2000-04",0,0,0,1,0,"H","4"
"665","2000-05",0,0,0,1,0,"H","4"
"666","2000-06",0,0,0,1,0,"H","4"
"667","2000-07",0,0,0,1,0,"H","4"
"668","2000-08",0,1,0,0,0,"D","5"
"669","2000-09",0,1,0,0,0,"D","5"
"670","2000-10",1,0,0,0,0,"B","2"
"671","2000-11",1,0,0,0,0,"B","2"
"672","2000-12",1,0,0,0,0,"B","2"
"673","2001-01",1,0,0,0,0,"B","2"
"674","2001-02",1,0,0,0,0,"B","2"
"675","2001-03",0,0,0,0,1,"U","1"
"676","2001-04",0,0,0,0,1,"U","1"
"677","2001-05",0,0,0,0,1,"U","1"
"678","2001-06",0,0,0,0,1,"U","1"
"679","2001-07",0,0,0,0,1,"U","1"
"680","2001-08",0,0,0,0,1,"U","1"
"681","2001-09",0,0,0,0,1,"U","1"
"682","2001-10",0,0,0,0,1,"U","1"
"683","2001-11",0,0,0,0,1,"U","1"
"684","2001-12",0,0,0,0,1,"U","1"
"685","2002-01",0,0,0,0,1,"U","1"
"686","2002-02",0,0,0,0,1,"U","1"
"687","2002-03",0,0,0,0,1,"U","1"
"688","2002-04",0,0,0,0,1,"U","1"
"689","2002-05",0,0,0,0,1,"U","1"
"690","2002-06",0,0,0,0,1,"U","1"
"691","2002-07",0,0,0,0,1,"U","1"
"692","2002-08",0,0,0,0,1,"U","1"
"693","2002-09",0,0,0,0,1,"U","1"
"694","2002-10",0,0,0,0,1,"U","1"
"695","2002-11",0,0,0,0,1,"U","1"
"696","2002-12",0,0,0,0,1,"U","1"
"697","2003-01",0,0,0,0,1,"U","1"
"698","2003-02",0,0,0,0,1,"U","1"
"699","2003-03",0,0,0,0,1,"U","1"
"700","2003-04",0,0,0,0,1,"U","1"
"701","2003-05",0,0,0,0,1,"U","1"
"702","2003-06",0,0,0,0,1,"U","1"
"703","2003-07",0,0,0,0,1,"U","1"
"704","2003-08",0,0,0,0,1,"U","1"
"705","2003-09",0,0,0,0,1,"U","1"
"706","2003-10",0,0,0,0,1,"U","1"
"707","2003-11",0,0,0,0,1,"U","1"
"708","2003-12",0,0,0,0,1,"U","1"
"709","2004-01",0,0,0,0,1,"U","1"
"710","2004-02",0,0,0,0,1,"U","1"
"711","2004-03",0,0,0,0,1,"U","1"
"712","2004-04",0,0,0,0,1,"U","1"
"713","2004-05",0,0,0,0,1,"U","1"
"714","2004-06",0,0,0,0,1,"U","1"
"715","2004-07",0,0,0,0,1,"U","1"
"716","2004-08",0,0,0,0,1,"U","1"
"717","2004-09",0,0,0,0,1,"U","1"
"718","2004-10",0,0,0,0,1,"U","1"
"719","2004-11",0,0,0,0,1,"U","1"
"720","2004-12",0,0,0,0,1,"U","1"
"721","2005-01",0,0,0,0,1,"U","1"
"722","2005-02",0,0,0,0,1,"U","1"
"723","2005-03",0,0,0,0,1,"U","1"
"724","2005-04",0,0,0,0,1,"U","1"
"725","2005-05",0,0,0,0,1,"U","1"
"726","2005-06",0,0,0,0,1,"U","1"
"727","2005-07",0,0,0,0,1,"U","1"
"728","2005-08",0,0,0,0,1,"U","1"
"729","2005-09",0,0,0,0,1,"U","1"
"730","2005-10",0,0,0,0,1,"U","1"
"731","2005-11",0,0,0,0,1,"U","1"
"732","2005-12",0,0,0,0,1,"U","1"
"733","2006-01",0,0,0,0,1,"U","1"
"734","2006-02",0,0,1,0,0,"F","3"
"735","2006-03",0,0,1,0,0,"F","3"
"736","2006-04",0,0,0,0,1,"U","1"
"737","2006-05",0,0,0,0,1,"U","1"
"738","2006-06",0,0,1,0,0,"F","3"
"739","2006-07",0,0,1,0,0,"F","3"
"740","2006-08",1,0,0,0,0,"B","2"
"741","2006-09",1,0,0,0,0,"B","2"
"742","2006-10",1,0,0,0,0,"B","2"
"743","2006-11",1,0,0,0,0,"B","2"
"744","2006-12",1,0,0,0,0,"B","2"
"745","2007-01",1,0,0,0,0,"B","2"
"746","2007-02",1,0,0,0,0,"B","2"
"747","2007-03",1,0,0,0,0,"B","2"
"748","2007-04",1,0,0,0,0,"B","2"
"749","2007-05",1,0,0,0,0,"B","2"
"750","2007-06",0,0,0,0,1,"U","1"
"751","2007-07",1,0,0,0,0,"B","2"
"752","2007-08",0,0,0,0,1,"U","1"
"753","2007-09",0,0,0,0,1,"U","1"
"754","2007-10",0,0,0,0,1,"U","1"
"755","2007-11",0,0,0,0,1,"U","1"
"756","2007-12",0,0,0,0,1,"U","1"
"757","2008-01",0,0,0,0,1,"U","1"
"758","2008-02",0,0,0,0,1,"U","1"
"759","2008-03",0,0,0,0,1,"U","1"
"760","2008-04",0,0,0,0,1,"U","1"
"761","2008-05",0,0,0,0,1,"U","1"
"762","2008-06",0,0,0,0,1,"U","1"
"763","2008-07",0,0,0,0,1,"U","1"
"764","2008-08",0,0,0,0,1,"U","1"
"765","2008-09",0,0,0,0,1,"U","1"
"766","2008-10",0,0,0,0,1,"U","1"
"767","2008-11",0,0,0,0,1,"U","1"
"768","2008-12",0,0,0,0,1,"U","1"
"769","2009-01",0,0,0,0,1,"U","1"
"770","2009-02",0,0,0,0,1,"U","1"
"771","2009-03",0,0,0,0,1,"U","1"
"772","2009-04",0,0,0,0,1,"U","1"
"773","2009-05",0,0,0,0,1,"U","1"
"774","2009-06",0,0,0,0,1,"U","1"
"775","2009-07",0,0,0,0,1,"U","1"
"776","2009-08",0,0,0,0,1,"U","1"
"777","2009-09",0,0,0,0,1,"U","1"
"778","2009-10",0,0,0,0,1,"U","1"
"779","2009-11",0,0,0,0,1,"U","1"
"780","2009-12",0,0,0,0,1,"U","1"
"781","2010-01",0,0,0,0,1,"U","1"
"782","2010-02",0,0,0,0,1,"U","1"
"783","2010-03",0,0,0,0,1,"U","1"
"784","2010-04",0,0,0,0,1,"U","1"
"785","2010-05",0,0,0,0,1,"U","1"
"786","2010-06",0,0,0,0,1,"U","1"
"787","2010-07",0,0,0,0,1,"U","1"
"788","2010-08",0,0,0,0,1,"U","1"
"789","2010-09",0,0,0,0,1,"U","1"
"790","2010-10",0,0,0,0,1,"U","1"
"791","2010-11",0,0,0,0,1,"U","1"
"792","2010-12",0,0,0,0,1,"U","1"
"793","2011-01",0,0,0,0,1,"U","1"
"794","2011-02",0,0,0,0,1,"U","1"
"795","2011-03",0,0,0,0,1,"U","1"
"796","2011-04",0,0,0,0,1,"U","1"
"797","2011-05",0,0,0,0,1,"U","1"
"798","2011-06",0,0,0,0,1,"U","1"
"799","2011-07",0,0,0,0,1,"U","1"
"800","2011-08",0,0,0,0,1,"U","1"
"801","2011-09",0,0,0,0,1,"U","1"
"802","2011-10",0,0,0,0,1,"U","1"
"803","2011-11",0,0,0,0,1,"U","1"
"804","2011-12",0,0,0,0,1,"U","1"
"805","2012-01",0,0,0,0,1,"U","1"
"806","2012-02",0,0,0,0,1,"U","1"
"807","2012-03",0,0,0,0,1,"U","1"
"808","2012-04",0,0,0,0,1,"U","1"
"809","2012-05",0,0,0,0,1,"U","1"
"810","2012-06",0,0,0,0,1,"U","1"
"811","2012-07",0,0,0,0,1,"U","1"
"812","2012-08",0,0,0,0,1,"U","1"
"813","2012-09",0,0,0,0,1,"U","1"
"814","2012-10",0,0,0,0,1,"U","1"
"815","2012-11",0,0,0,0,1,"U","1"
"816","2012-12",0,0,0,0,1,"U","1"
"817","2013-01",0,0,0,0,1,"U","1"
"818","2013-02",0,0,0,0,1,"U","1"
"819","2013-03",0,0,0,0,1,"U","1"
"820","2013-04",0,0,0,0,1,"U","1"
"821","2013-05",0,0,0,0,1,"U","1"
"822","2013-06",0,0,0,0,1,"U","1"
"823","2013-07",0,0,0,0,1,"U","1"
"824","2013-08",0,0,0,0,1,"U","1"
"825","2013-09",0,0,0,0,1,"U","1"
"826","2013-10",0,0,0,0,1,"U","1"
"827","2013-11",0,0,0,0,1,"U","1"
"828","2013-12",0,0,0,0,1,"U","1"
"829","2014-01",0,0,0,0,1,"U","1"
"830","2014-02",0,0,0,0,1,"U","1"
"831","2014-03",0,0,0,0,1,"U","1"
"832","2014-04",0,0,0,0,1,"U","1"
"833","2014-05",0,0,0,0,1,"U","1"
"834","2014-06",0,0,0,0,1,"U","1"
"835","2014-07",0,0,0,0,1,"U","1"
"836","2014-08",0,0,0,0,1,"U","1"
"837","2014-09",0,0,0,0,1,"U","1"
"838","2014-10",0,0,0,0,1,"U","1"
"839","2014-11",0,0,0,0,1,"U","1"
"840","2014-12",0,0,0,0,1,"U","1"
"841","2015-01",0,0,0,0,1,"U","1"
"842","2015-02",0,0,0,0,1,"U","1"
"843","2015-03",0,0,0,0,1,"U","1"
"844","2015-04",0,0,0,0,1,"U","1"
"845","2015-05",0,0,0,0,1,"U","1"
"846","2015-06",0,0,0,0,1,"U","1"
"847","2015-07",0,0,0,0,1,"U","1"
"848","2015-08",0,0,0,0,1,"U","1"
"849","2015-09",0,0,0,0,1,"U","1"
"850","2015-10",0,0,0,0,1,"U","1"
"851","2015-11",0,0,0,0,1,"U","1"
"852","2015-12",0,0,0,0,1,"U","1"
"853","2016-01",0,0,0,0,1,"U","1"
"854","2016-02",0,0,0,0,1,"U","1"
"855","2016-03",0,0,0,0,1,"U","1"
"856","2016-04",0,0,0,0,1,"U","1"
"857","2016-05",0,0,0,0,1,"U","1"
"858","2016-06",0,0,0,0,1,"U","1"
"859","2016-07",0,0,0,0,1,"U","1"
"860","2016-08",0,0,0,0,1,"U","1"
"861","2016-09",0,0,0,0,1,"U","1"
"862","2016-10",0,0,0,0,1,"U","1"
"863","2016-11",0,0,0,0,1,"U","1"
"864","2016-12",0,0,0,0,1,"U","1"
"865","2017-01",0,0,0,0,1,"U","1"
"866","2017-02",0,0,0,0,1,"U","1"
"867","2017-03",0,0,0,0,1,"U","1"
"868","2017-04",0,0,0,0,1,"U","1"
"869","2017-05",0,0,0,0,1,"U","1"
"870","2017-06",0,0,0,0,1,"U","1"
"871","2017-07",0,0,0,0,1,"U","1"
"872","2017-08",0,0,0,0,1,"U","1"
"873","2017-09",0,0,0,0,1,"U","1"
"874","2017-10",0,0,0,0,1,"U","1"
"875","2017-11",0,0,0,0,1,"U","1"
"876","2017-12",0,0,0,0,1,"U","1"
"877","2018-01",0,0,0,0,1,"U","1"
"878","2018-02",0,0,0,0,1,"U","1"
"879","2018-03",0,0,0,0,1,"U","1"
"880","2018-04",0,0,0,0,1,"U","1"
"881","2018-05",0,0,0,0,1,"U","1"
"882","2018-06",0,0,0,0,1,"U","1"
"883","2018-07",0,0,0,0,1,"U","1"
"884","2018-08",0,0,0,0,1,"U","1"
"885","2018-09",0,0,0,0,1,"U","1"
"886","2018-10",0,0,0,0,1,"U","1"
"887","2018-11",0,0,0,0,1,"U","1"
"888","2018-12",0,0,0,0,1,"U","1"
"889","2019-01",0,0,0,0,1,"U","1"
"890","2019-02",0,0,0,0,1,"U","1"
"891","2019-03",1,0,0,0,0,"B","2"
"892","2019-04",1,0,0,0,0,"B","2"
"893","2019-05",1,0,0,0,0,"B","2"
"894","2019-06",1,0,0,0,0,"B","2"
"895","2019-07",1,0,0,0,0,"B","2"
"896","2019-08",1,0,0,0,0,"B","2"
"897","2019-09",1,0,0,0,0,"B","2"
"898","2019-10",1,0,0,0,0,"B","2"
"899","2019-11",0,0,0,0,1,"U","1"
"900","2019-12",0,0,0,0,1,"U","1"
"901","2020-01",0,0,0,0,1,"U","1"
"902","2020-02",1,0,0,0,0,"B","2"
"903","2020-03",0,0,0,0,1,"U","1"
"904","2020-04",0,0,0,0,1,"U","1"
"905","2020-05",0,0,0,0,1,"U","1"
"906","2020-06",0,0,0,0,1,"U","1"
"907","2020-07",0,0,0,0,1,"U","1"
"908","2020-08",0,0,0,0,1,"U","1"
"909","2020-09",0,0,0,0,1,"U","1"
"910","2020-10",0,0,0,0,1,"U","1"
"911","2020-11",0,0,0,0,1,"U","1"
"912","2020-12",0,0,0,0,1,"U","1"
"913","2021-01",0,0,0,0,1,"U","1"
"914","2021-02",0,0,0,0,1,"U","1"
"915","2021-03",0,0,0,0,1,"U","1"
"916","2021-04",0,0,0,0,1,"U","1"
"917","2021-05",0,0,0,0,1,"U","1"
"918","2021-06",0,0,0,0,1,"U","1"
"919","2021-07",0,0,0,0,1,"U","1"
"920","2021-08",0,0,0,0,1,"U","1"
"921","2021-09",0,0,0,0,1,"U","1"
"922","2021-10",0,0,0,0,1,"U","1"
"923","2021-11",0,0,0,0,1,"U","1"
"924","2021-12",0,0,0,0,1,"U","1"
"925","2022-01",0,0,0,0,1,"U","1"
"926","2022-02",0,0,0,0,1,"U","1"
"927","2022-03",0,0,0,0,1,"U","1"
"928","2022-04",0,0,0,0,1,"U","1"
"929","2022-05",0,0,0,0,1,"U","1"
